firstName1,lastName1,0093-01-04 00:00:00.0,5.0
firstName2,lastName2,0093-01-01 00:00:00.0,5.0
firstName3,lastName3,0093-01-01 00:00:00.0,5.0
firstName4,lastName4,0093-01-01 00:00:00.0,5.0
firstName5,lastName5,0092-01-12 00:00:00.0,10.0
firstName6,lastName6,0092-01-10 00:00:00.0,7.0
firstName7,lastName7,0093-01-06 00:00:00.0,2.0
firstName8,lastName8,0093-01-03 00:00:00.0,2.0
firstName9,lastName9,0093-01-09 00:00:00.0,9.0
firstName10,lastName10,0093-01-02 00:00:00.0,10.0
firstName11,lastName11,0093-01-08 00:00:00.0,7.0
firstName12,lastName12,0092-01-11 00:00:00.0,8.0
firstName13,lastName13,0093-01-04 00:00:00.0,10.0
firstName14,lastName14,0092-01-11 00:00:00.0,8.0
firstName15,lastName15,0093-01-07 00:00:00.0,8.0
firstName16,lastName16,0093-01-09 00:00:00.0,1.0
firstName17,lastName17,0093-01-06 00:00:00.0,4.0
firstName18,lastName18,0092-01-10 00:00:00.0,6.0
firstName19,lastName19,0093-01-06 00:00:00.0,9.0
firstName20,lastName20,0093-01-06 00:00:00.0,9.0
firstName21,lastName21,0093-01-08 00:00:00.0,1.0
firstName22,lastName22,0092-01-11 00:00:00.0,10.0
firstName23,lastName23,0093-01-05 00:00:00.0,9.0
firstName24,lastName24,0093-01-03 00:00:00.0,7.0
firstName25,lastName25,0093-01-07 00:00:00.0,2.0
firstName26,lastName26,0093-01-04 00:00:00.0,10.0
firstName27,lastName27,0092-01-10 00:00:00.0,1.0
firstName28,lastName28,0092-01-10 00:00:00.0,8.0
firstName29,lastName29,0093-01-02 00:00:00.0,9.0
firstName30,lastName30,0092-01-12 00:00:00.0,8.0
firstName31,lastName31,0093-01-06 00:00:00.0,6.0
firstName32,lastName32,0092-01-11 00:00:00.0,3.0
firstName33,lastName33,0092-01-11 00:00:00.0,7.0
firstName34,lastName34,0092-01-10 00:00:00.0,9.0
firstName35,lastName35,0093-01-04 00:00:00.0,7.0
firstName36,lastName36,0093-01-06 00:00:00.0,10.0
firstName37,lastName37,0093-01-06 00:00:00.0,8.0
firstName38,lastName38,0092-01-11 00:00:00.0,6.0
firstName39,lastName39,0093-01-04 00:00:00.0,10.0
firstName40,lastName40,0093-01-02 00:00:00.0,8.0
firstName41,lastName41,0092-01-11 00:00:00.0,8.0
firstName42,lastName42,0093-01-05 00:00:00.0,6.0
firstName43,lastName43,0093-01-07 00:00:00.0,6.0
firstName44,lastName44,0093-01-04 00:00:00.0,1.0
firstName45,lastName45,0092-01-11 00:00:00.0,2.0
firstName46,lastName46,0093-01-05 00:00:00.0,7.0
firstName47,lastName47,0092-01-11 00:00:00.0,9.0
firstName48,lastName48,0092-01-10 00:00:00.0,2.0
firstName49,lastName49,0093-01-07 00:00:00.0,6.0
firstName50,lastName50,0092-01-10 00:00:00.0,3.0
firstName51,lastName51,0093-01-02 00:00:00.0,1.0
firstName52,lastName52,0093-01-02 00:00:00.0,7.0
firstName53,lastName53,0092-01-12 00:00:00.0,4.0
firstName54,lastName54,0093-01-02 00:00:00.0,5.0
firstName55,lastName55,0093-01-08 00:00:00.0,8.0
firstName56,lastName56,0092-01-11 00:00:00.0,10.0
firstName57,lastName57,0093-01-02 00:00:00.0,7.0
firstName58,lastName58,0092-01-10 00:00:00.0,10.0
firstName59,lastName59,0092-01-09 00:00:00.0,5.0
firstName60,lastName60,0093-01-02 00:00:00.0,10.0
firstName61,lastName61,0093-01-04 00:00:00.0,7.0
firstName62,lastName62,0093-01-07 00:00:00.0,6.0
firstName63,lastName63,0093-01-03 00:00:00.0,5.0
firstName64,lastName64,0092-01-12 00:00:00.0,3.0
firstName65,lastName65,0093-01-05 00:00:00.0,2.0
firstName66,lastName66,0093-01-08 00:00:00.0,2.0
firstName67,lastName67,0092-01-12 00:00:00.0,3.0
firstName68,lastName68,0093-01-07 00:00:00.0,4.0
firstName69,lastName69,0093-01-07 00:00:00.0,2.0
firstName70,lastName70,0093-01-05 00:00:00.0,1.0
firstName71,lastName71,0093-01-02 00:00:00.0,1.0
firstName72,lastName72,0092-01-09 00:00:00.0,2.0
firstName73,lastName73,0092-01-11 00:00:00.0,6.0
firstName74,lastName74,0093-01-09 00:00:00.0,8.0
firstName75,lastName75,0093-01-02 00:00:00.0,2.0
firstName76,lastName76,0092-01-11 00:00:00.0,2.0
firstName77,lastName77,0093-01-03 00:00:00.0,4.0
firstName78,lastName78,0093-01-03 00:00:00.0,3.0
firstName79,lastName79,0093-01-04 00:00:00.0,2.0
firstName80,lastName80,0093-01-01 00:00:00.0,2.0
firstName81,lastName81,0092-01-10 00:00:00.0,1.0
firstName82,lastName82,0093-01-08 00:00:00.0,4.0
firstName83,lastName83,0093-01-06 00:00:00.0,7.0
firstName84,lastName84,0093-01-01 00:00:00.0,3.0
firstName85,lastName85,0093-01-06 00:00:00.0,1.0
firstName86,lastName86,0093-01-04 00:00:00.0,8.0
firstName87,lastName87,0093-01-05 00:00:00.0,1.0
firstName88,lastName88,0093-01-05 00:00:00.0,6.0
firstName89,lastName89,0092-01-10 00:00:00.0,8.0
firstName90,lastName90,0093-01-02 00:00:00.0,6.0
firstName91,lastName91,0093-01-03 00:00:00.0,10.0
firstName92,lastName92,0093-01-06 00:00:00.0,7.0
firstName93,lastName93,0093-01-07 00:00:00.0,2.0
firstName94,lastName94,0093-01-07 00:00:00.0,4.0
firstName95,lastName95,0092-01-11 00:00:00.0,2.0
firstName96,lastName96,0093-01-08 00:00:00.0,3.0
firstName97,lastName97,0093-01-06 00:00:00.0,8.0
firstName98,lastName98,0093-01-02 00:00:00.0,3.0
firstName99,lastName99,0093-01-01 00:00:00.0,5.0
firstName100,lastName100,0093-01-07 00:00:00.0,5.0
